Customer_ID,Customer_Name,Customer_Segment,Maritial_Status,Gender,DOB,Country,Region,State_Province,City,Postal_Code
1354,Mr. AARON Dillon,Consumer,Single,Male,05-02-1997,U.S.A,Central,Texas,Weatherford,76086
697,Mister. Adam G Sawyer,Corporate,Married,Male,05-02-1997,USA,Central,Indiana,East Chicago,46312
674,Mr AlBERT FROST,Small Business,Divorced,Male,06-02-1993,USA,Central,Missouri,Raytown,64133
188,Mrs. ALEX harrell,Corporate,Single,Male,05-02-1997,United States Of America,Central,Texas,Gainesville,76240
188,Mrs. ALEX harrell,Corporate,Single,Male,05-02-1997,United States Of America,Central,Texas,Gainesville,76240
3106,Mistress. AleXander O'Brien,Home Office,Married,Male,05-02-1996,US,Central,Texas,Houston,77041
597,Mr. AlexandrA WISE,Small Business,Divorced,Male,05-02-1998,United States Of America,Central,Indiana,Columbus,47201
2108,Mr. Alfred Barber,Corporate,Single,Male,05-02-1998,US,Central,Missouri,Mehlville,63129
539,Miss. Alice Coley,Small Business,Married,Female,05-02-1998,US,Central,Illinois,Urbana,61801
1484,Dr. Alison Stewart,Home Office,Divorced,Male,05-02-1995,United States Of America,Central,Illinois,Des Plaines,60016
667,Professor Allison Kirby,Corporate,Married,Male,07-12-1994,US,Central,Texas,Dallas,75203
796,Prof. Amanda Conner,Corporate,Married,Female,05-02-1996,USA,Central,Nebraska,Papillion,68046
669,Prof. Amy Shea,Home Office,Married,Female,05-02-1992,U.S,Central,Iowa,Ottumwa,52501
3397,Prof. Andrea Shaw,Small Business,Married,Male,05-02-1993,US,Central,Illinois,Danville,61832
3046,Doctor. Andrew Pearce,Small Business,Married,Male,07-12-1995,U.S.A,Central,Kansas,Leawood,66209
3132,Professor Anita Kang,Corporate,Married,Female,09-12-1990,USA,Central,Illinois,Mundelein,60060
2896,Doctor. Anna Ellis,Home Office,Married,Female,05-02-1990,USA,Central,Minnesota,Mankato,56001
1254,Professor Anne Bland,Home Office,Married,Female,05-02-1991,U.S,Central,Texas,Channelview,77530
2851,Dr. Annie Sherrill,Consumer,Married,Female,06-02-1991,U.S,Central,Texas,Odessa,79762
3001,Dr. Anthony Foley,Consumer,Married,Male,07-02-1991,US,Central,Michigan,Port Huron,48060
1238,Professor April Bowers,Corporate,Married,Male,11-12-1990,U.S.A,Central,Texas,Cedar Hill,75104
1360,Professor Arlene Gibbons,Consumer,Married,Male,08-12-1990,United States Of America,Central,Iowa,Muscatine,52761
2422,Doctor. Arlene Wiggins Dalton,Home Office,Married,Male,05-02-1993,US,Central,Texas,Huntsville,77340
688,Prof. Ashley Reese,Small Business,Married,Male,05-02-1993,US,Central,Missouri,Saint Louis,63116
2715,Doctor. Becky Farmer,Corporate,Single,Male,07-02-1993,U.S.A,Central,Michigan,Lansing,48911
1131,Prof. Benjamin Strauss,Home Office,Single,Male,07-02-1995,U.S,Central,Texas,El Paso,79907
2892,Professor Benjamin Porter,Consumer,Single,Male,08-12-1994,U.S,Central,Michigan,Livonia,48154
759,Doctor. Bernice F Day,Small Business,Single,Male,09-02-1995,US,Central,Illinois,Quincy,62301
1416,Doctor. Betsy Gibson,Small Business,Single,Female,05-02-1992,US,Central,Indiana,Indianapolis,46203
2630,Doctor. Betsy Puckett,Small Business,Single,Female,05-02-1992,USA,Central,Oklahoma,Norman,73071
2897,Dr. Betty Giles,Home Office,Single,Female,05-02-1990,United States Of America,Central,Minnesota,Maple Grove,55369
890,Dr. Billie Fowler,Consumer,Single,Female,05-02-1990,United States Of America,Central,Texas,Bedford,76021
3327,Professor Bob Gibson,Small Business,Single,Male,05-02-1990,US,Central,Michigan,Port Huron,48060
2206,Doctor. Bobby Powell,Consumer,Single,Male,05-02-1990,US,Central,Iowa,Fort Dodge,50501
2266,Professor Brandon Beach,Corporate,Single,Male,05-02-1990,U.S.A,Central,Missouri,Kirkwood,63122
2619,Professor Brandon E Shepherd,Corporate,Single,Male,05-02-1990,U.S,Central,South Dakota,Sioux Falls,57103
250,Mistress Brenda Nelson Blanchard,Corporate,Single,Male,05-02-1990,U.S.A,Central,Minnesota,Richfield,55423
326,Miss. Brenda May,Consumer,Single,Male,06-02-1990,U.S.A,Central,Illinois,Batavia,60510
2272,Prof. Brett Ingram,Corporate,Single,Male,08-02-1990,USA,Central,Texas,Harker Heights,76543
672,Doctor. Brian Leach,Small Business,Single,Male,05-02-1990,U.S.A,Central,Iowa,Newton,50208
1419,Professor Brooke Lancaster,Small Business,Single,Male,08-12-1989,U.S.A,Central,Indiana,Lafayette,47905
408,Mr. Calvin Parsons Walter,Corporate,Single,Male,07-02-1991,United States Of America,Central,Texas,San Juan,78589
2668,Professor Carlos Hanson,Home Office,Divorced,Male,05-02-1991,US,Central,South Dakota,Rapid City,57701
1136,Professor Carmen McPherson,Consumer,Single,Male,06-02-1990,United States Of America,Central,Illinois,Carol Stream,60188
915,Prof. Carol Sherrill,Home Office,Single,Male,08-12-1989,U.S,Central,Texas,Bryan,77803
2718,Dr. Caroline Stone,Consumer,Divorced,Male,06-02-1991,USA,Central,Illinois,Lansing,60438
1967,Prof. Carolyn Hoffman,Small Business,Single,Male,06-02-1990,U.S,Central,Iowa,Clinton,52732
2862,Prof. Carrie High,Corporate,Divorced,Male,08-12-1989,USA,Central,Nebraska,La Vista,68128
3041,Dr. Carrie Duke,Corporate,Divorced,Male,05-02-1990,United States Of America,Central,Kansas,Garden City,67846
2014,Prof. Cathy Simon,Home Office,Single,Male,05-02-1991,US,Central,Iowa,Council Bluffs,51503
594,Professor Charlie Moore,Consumer,Single,Male,07-12-1990,U.S.A,Central,Indiana,Anderson,46016
1776,Dr. Charlotte Patterson,Consumer,Single,Male,05-02-1989,USA,Central,Indiana,Terre Haute,47802
2796,Professor Cindy McLeod,Corporate,Divorced,Female,06-02-1990,USA,Central,Iowa,Sioux City,51106
1080,Prof. Colleen Fletcher,Corporate,Single,Female,07-02-1990,USA,Central,Illinois,Saint Charles,60174
2794,Doctor. Connie Bunn,Corporate,Divorced,Female,05-02-1990,U.S,Central,Iowa,Marshalltown,50158
1405,Prof. Crystal Floyd,Home Office,Single,Male,05-02-1990,United States Of America,Central,Michigan,Battle Creek,49017
865,Professor Dana Burgess,Corporate,Single,Male,05-02-1990,U.S,Central,Indiana,East Chicago,46312
3360,Dr. Daniel Huff,Home Office,Widowed,Male,08-02-1991,USA,Central,Wisconsin,West Allis,53214
381,Miss. Danielle Watts,Corporate,Single,Male,08-02-1990,US,Central,Illinois,Bloomington,61701
1265,Prof. Danielle Kramer,Home Office,Single,Male,07-02-1990,U.S.A,Central,Oklahoma,Altus,73521
1816,Dr. Danielle Schneider,Consumer,Single,Male,07-02-1990,U.S.A,Central,Michigan,Canton,48187
2628,Prof. Danielle P Rao,Corporate,Single,Male,06-02-1990,U.S.A,Central,Oklahoma,Moore,73160
2201,Doctor. David Hoyle,Small Business,Single,Male,09-12-1989,U.S,Central,Minnesota,Bloomington,55420
2791,Prof. Dawn Larson,Corporate,Single,Male,07-02-1993,US,Central,Michigan,Madison Heights,48071
1211,Dr. Debra Proctor,Corporate,Single,Male,07-02-1990,U.S.A,Central,Indiana,Fort Wayne,46806
2273,Doctor. Debra Block,Corporate,Single,Male,05-02-1990,United States Of America,Central,Texas,Harlingen,78550
2433,Professor Debra P May,Consumer,Single,Male,06-02-1990,U.S,Central,Oklahoma,Moore,73160
1338,Prof. Denise McIntosh,Home Office,Single,Male,09-02-1990,U.S,Central,Illinois,Chicago,60623
1109,Doctor. Dennis Welch,Consumer,Single,Male,09-12-1989,USA,Central,Texas,Laredo,78041
1793,Doctor. Derek Jernigan,Home Office,Single,Male,10-12-1989,U.S,Central,Illinois,Galesburg,61401
1935,Prof. Diana Coble Hubbard,Home Office,Single,Male,05-02-1992,U.S.A,Central,Texas,Grand Prairie,75051
234,Mr. Don Cameron,Small Business,Single,Male,05-02-1992,U.S,Central,Iowa,Newton,50208
1492,Prof. Don Beard,Corporate,Single,Male,07-02-1992,U.S,Central,Missouri,Ozark,65721
596,Prof. Doris Fitzpatrick,Consumer,Single,Male,07-12-1990,USA,Central,Indiana,Carmel,46032
2426,Professor Dorothy Holt,Small Business,Single,Male,07-12-1990,U.S.A,Central,Texas,Irving,75061
1108,Prof. Dwight Bishop,Small Business,Single,Male,05-02-1991,U.S.A,Central,Texas,Lancaster,75146
2861,Professor Dwight Robinson,Corporate,Widowed,Male,07-02-1991,U.S.A,Central,Kansas,Hays,67601
94,Mister. Eddie House Mueller,Home Office,Single,Male,05-02-1991,US,Central,Illinois,Chicago,60601
94,Mister. Eddie House Mueller,Home Office,Single,Male,05-02-1991,US,Central,Illinois,Chicago,60601
2203,Professor Eddie Walker,Home Office,Single,Male,05-02-1993,USA,Central,Minnesota,Brooklyn Park,55445
483,Mr Edgar McKenzie,Corporate,Single,Male,05-02-1993,USA,Central,Illinois,Oswego,60543
3036,Doctor. Edith Reynolds,Home Office,Married,Male,05-02-1995,USA,Central,North Dakota,Mandan,58554
550,Mrs. Edna Monroe Talley,Corporate,Single,Male,05-02-1992,U.S.A,Central,Texas,Seguin,78155
1561,Doctor. Edwin Coley,Corporate,Single,Male,07-12-1989,U.S,Central,Texas,Mansfield,76063
1212,Professor Eileen Fletcher,Corporate,Single,Male,05-02-1990,USA,Central,Indiana,Gary,46404
2046,Professor Eileen Schwartz,Corporate,Single,Male,05-02-1994,USA,Central,Kansas,Liberal,67901
2958,Doctor. Ellen Sparks,Corporate,Married,Male,05-02-1991,U.S,Central,Wisconsin,Neenah,54956
2944,Doctor. Elsie Lane,Corporate,Married,Male,05-02-1990,U.S.A,Central,Michigan,Midland,48640
392,Mrs. Erica R Fuller,Corporate,Single,Male,07-12-1993,USA,Central,Missouri,Clayton,63105
1068,Doctor. Erik Barr,Home Office,Single,Male,05-02-1990,US,Central,Illinois,Calumet City,60409
2920,Prof. Ernest Peele,Home Office,Married,Male,05-02-1990,U.S,Central,Illinois,Chicago,60603
2587,Prof. Eugene H Walsh,Home Office,Single,Male,07-12-1989,USA,Central,Wisconsin,Manitowoc,54220
592,Doctor. Eva Silverman,Small Business,Single,Male,05-02-1990,US,Central,Illinois,Wilmette,60091
1237,Dr. Eva Simpson,Corporate,Single,Male,05-02-1994,U.S,Central,Texas,Carrollton,75007
2073,Prof. Evan Kelley,Consumer,Single,Male,07-12-1991,USA,Central,Michigan,Garden City,48135
1433,Dr. Frances Jackson,Corporate,Single,Male,05-02-1993,US,Central,Indiana,Jeffersonville,47130
2957,Prof. Francis I Davis,Corporate,Married,Male,05-02-1993,US,Central,Wisconsin,Milwaukee,53209
1938,Doctor. Franklin Spencer,Corporate,Single,Male,05-02-1991,USA,Central,Kansas,Emporia,66801
2976,Professor Fred Barber,Small Business,Married,Male,05-02-1992,USA,Central,Wisconsin,Oak Creek,53154
2499,Professor Geoffrey Koch,Corporate,Single,Male,07-12-1992,United States Of America,Central,Illinois,Kankakee,60901
191,Mister. Gerald Kearney,Corporate,Single,Male,05-02-1993,U.S,Central,Illinois,Aurora,60505
191,Mister. Gerald Kearney,Corporate,Single,Male,05-02-1993,U.S,Central,Illinois,Aurora,60505
2617,Dr. Gerald Crabtree,Corporate,Single,Male,05-02-1989,US,Central,South Dakota,Aberdeen,57401
2466,Doctor. Gilbert Godfrey,Corporate,Single,Male,05-02-1992,U.S.A,Central,Michigan,Sault Sainte Marie,49783
2290,Professor Glen Robertson,Corporate,Single,Male,05-02-1992,US,Central,Minnesota,Coon Rapids,55433
2339,Prof. Gordon Boswell,Home Office,Single,Male,05-02-1991,US,Central,Texas,Cloverleaf,77015
3125,Dr. Guy McDonald,Home Office,Married,Male,05-02-1993,U.S.A,Central,Illinois,Mount Prospect,60056
14,Mr. Gwendolyn F Tyson,Small Business,Single,Male,05-02-1992,USA,Central,Minnesota,Prior Lake,55372
14,Mr. Gwendolyn F Tyson,Small Business,Single,Male,05-02-1992,USA,Central,Minnesota,Prior Lake,55372
2912,Professor Hannah Carver,Home Office,Married,Male,05-02-1990,US,Central,North Dakota,Grand Forks,58201
2795,Dr. Harry Burns,Corporate,Single,Male,05-02-1993,U.S.A,Central,Iowa,Mason City,50401
1083,Doctor. Hazel Dale,Corporate,Single,Male,05-02-1991,United States Of America,Central,Illinois,Springfield,62701
1748,Doctor. Helen Simpson,Consumer,Single,Male,07-12-1988,USA,Central,Oklahoma,Enid,73703
1247,Prof. Henry O'Connell,Home Office,Single,Male,07-12-1993,USA,Central,Texas,Leander,78641
1298,Professor Herbert Beard,Home Office,Single,Male,05-02-1991,US,Central,Texas,Sulphur Springs,75482
792,Professor Holly Pate,Corporate,Single,Male,05-02-1990,U.S.A,Central,Oklahoma,Mustang,73064
619,Dr. Howard Rogers,Consumer,Single,Male,07-12-1991,US,Central,Michigan,Southgate,48195
1818,Professor Ian Hall,Consumer,Single,Male,05-02-1990,USA,Central,Michigan,Dearborn,48126
2117,Professor Jack Hatcher,Home Office,Single,Male,05-02-1992,U.S,Central,Texas,Greenville,75401
2265,Dr. James Davenport,Corporate,Single,Male,05-02-1993,U.S,Central,Missouri,Kansas City,64130
950,Dr. Jane Shah,Consumer,Single,Male,05-02-1992,USA,Central,Minnesota,Prior Lake,55372
373,Miss. Jeanne Werner,Small Business,Single,Male,05-02-1992,USA,Central,Michigan,Detroit,48234
1771,Prof. Jeff Spivey,Home Office,Single,Male,05-02-1990,U.S,Central,Illinois,Freeport,61032
767,Dr. Jeffrey Mueller,Corporate,Single,Male,05-02-1993,U.S,Central,Illinois,Rock Island,61201
3359,Doctor. Jeffrey Cheng,Home Office,Married,Male,05-02-1991,U.S.A,Central,Wisconsin,Wauwatosa,53213
896,Professor Jennifer Siegel,Corporate,Single,Male,05-02-1992,US,Central,Texas,Denton,76201
3191,Doctor. Jenny Hawkins,Corporate,Married,Male,05-02-1990,United States Of America,Central,Wisconsin,Stevens Point,54481
1213,Prof. Jeremy Pratt,Corporate,Single,Male,05-02-1994,United States Of America,Central,Indiana,Granger,46530
3141,Doctor. Jerome McIntosh,Consumer,Married,Male,05-02-1992,US,Central,Texas,Pasadena,77506
3344,Prof. Jim Hinson,Home Office,Married,Male,07-12-1991,U.S,Central,Michigan,Rochester Hills,48307
2282,Prof. Jimmy Waters,Home Office,Single,Male,05-02-1990,U.S.A,Central,Wisconsin,Fitchburg,53713
1107,Professor Joanna Keith,Small Business,Single,Female,05-02-1992,U.S,Central,Texas,Lake Jackson,77566
2187,Professor Joanne Spivey,Corporate,Single,Female,05-02-1990,United States Of America,Central,Missouri,Independence,64055
1369,Dr. Joe D Dean,Consumer,Single,Female,05-02-1993,U.S.A,Central,Texas,Mansfield,76063
389,Mr Joel Buckley,Corporate,Single,Female,07-12-1992,U.S.A,Central,Nebraska,Lincoln,68502
593,Dr. Joel Huffman,Small Business,Single,Female,05-02-1990,U.S,Central,Illinois,Woodridge,60517
1548,Prof. John Bray,Corporate,Single,Female,05-02-1991,US,Central,Indiana,Richmond,47374
2427,Prof. John Merritt,Corporate,Single,Female,05-02-1992,USA,Central,Texas,Keller,76248
696,Dr. Johnny Reid,Corporate,Single,Female,05-02-1991,U.S.A,Central,Indiana,Crown Point,46307
2139,Professor Jon Kendall,Corporate,Single,Female,05-02-1989,US,Central,Wisconsin,Watertown,53094
3211,Professor Jonathan Crabtree,Corporate,Married,Female,05-02-1992,U.S,Central,Illinois,Addison,60101
2951,Dr. Jordan Womble,Corporate,Married,Female,07-12-1989,USA,Central,Kansas,Hays,67601
3045,Prof. Jordan Beard,Small Business,Married,Female,05-02-1993,U.S,Central,Kansas,Leavenworth,66048
1511,Dr. Joseph Dawson,Corporate,Single,Female,05-02-1991,USA,Central,Indiana,Muncie,47302
1279,Doctor. Josephine Rao,Corporate,Single,Female,05-02-1993,USA,Central,Indiana,Hammond,46324
2127,Prof. Joyce Kern,Home Office,Single,Female,05-02-1989,U.S.A,Central,Michigan,Sterling Heights,48310
635,Professor Juan Justice,Corporate,Single,Female,05-02-1993,U.S,Central,Minnesota,Saint Paul,55106
2437,Prof. Judith Shepherd,Home Office,Single,Female,05-02-1992,U.S.A,Central,Wisconsin,Muskego,53150
445,Mrs. Judy Barrett,Small Business,Single,Female,05-02-1995,U.S,Central,Nebraska,Norfolk,68701
2398,Prof. Julian F Wolfe,Corporate,Single,Female,05-02-1992,United States Of America,Central,Illinois,Hanover Park,60103
1020,Professor Julie Porter,Small Business,Single,Female,05-02-1991,USA,Central,Kansas,Pittsburg,66762
1682,Professor Julie Edwards,Consumer,Single,Female,05-02-1998,U.S.A,Central,Illinois,Chicago,60611
1618,Professor June Roberts,Consumer,Single,Female,05-02-1994,USA,Central,Indiana,Highland,46322
129,Miss. Kara Allison,Small Business,Single,Female,05-02-1997,U.S.A,Central,Illinois,Alton,62002
129,Miss. Kara Allison,Small Business,Single,Female,05-02-1997,U.S.A,Central,Illinois,Alton,62002
1250,Doctor. Kara Patton,Corporate,Single,Female,05-02-1991,United States Of America,Central,Illinois,Carpentersville,60110
2330,Doctor. Kara Foster,Home Office,Single,Female,05-02-1998,U.S.A,Central,Iowa,Marion,52302
2563,Doctor. Karen Warren,Home Office,Single,Female,05-02-1995,US,Central,Minnesota,Fridley,55432
2555,Prof. Karl Knowles,Home Office,Single,Female,05-02-1998,United States Of America,Central,Wisconsin,Madison,53711
1826,Prof. Kate Peck,Corporate,Single,Female,05-02-1994,United States Of America,Central,Iowa,Bettendorf,52722
2893,Prof. Kathryn Tate,Consumer,Single,Female,05-02-1992,U.S.A,Central,Michigan,Madison Heights,48071
1505,Doctor. Kay Schultz,Small Business,Single,Female,05-02-1986,U.S.A,Central,Texas,College Station,77840
2070,Doctor. Kelly Collins,Corporate,Single,Female,05-02-1998,US,Central,Michigan,Eastpointe,48021
1432,Doctor. Kerry Green,Corporate,Single,Female,05-02-1996,United States Of America,Central,Indiana,Indianapolis,46203
2500,Prof. Kevin Smith,Small Business,Single,Female,07-12-1987,US,Central,Illinois,Lake In The Hills,60102
2999,Prof. Kim McCarthy,Consumer,Single,Female,05-02-1990,USA,Central,Michigan,Oak Park,48237
2430,Doctor. Kimberly Reilly,Home Office,Single,Female,05-02-1996,United States Of America,Central,Texas,Killeen,76541
1361,Prof. Kristina Collier,Consumer,Single,Female,05-02-1988,US,Central,Michigan,Allen Park,48101
3133,Prof. Kristine Singleton,Corporate,Single,Female,05-02-1995,United States Of America,Central,Illinois,Naperville,60540
1128,Professor Kurt O'Connor,Consumer,Single,Female,05-02-1996,US,Central,Texas,Edinburg,78539
1689,Dr. Larry Church,Corporate,Single,Female,05-02-1995,US,Central,Indiana,Highland,46322
2616,Doctor. Laurence Hull,Corporate,Single,Female,05-02-1990,United States Of America,Central,Michigan,Portage,49002
2202,Dr. Laurie Howe,Home Office,Single,Female,05-02-1998,U.S.A,Central,Minnesota,Brooklyn Center,55429
2107,Doctor. Leigh Burnette Hurley,Corporate,Single,Female,05-02-1996,United States Of America,Central,Illinois,Chicago,60601
2653,Dr. Leo Kane,Consumer,Single,Female,07-12-1986,United States Of America,Central,Kansas,Derby,67037
198,Mrs Leroy Blanchard,Small Business,Single,Female,05-02-1990,USA,Central,Michigan,Detroit,48138
2837,Doctor. Leslie Hawley,Home Office,Single,Female,05-02-1993,US,Central,Oklahoma,Tulsa,74133
2030,Dr. Lindsay O'Connell,Corporate,Single,Female,05-02-1990,U.S.A,Central,Texas,Greenville,75401
2432,Dr. Lindsay Tate,Consumer,Single,Female,05-02-1994,US,Central,Oklahoma,Midwest City,73110
2992,Professor Lindsay Webb,Home Office,Single,Female,05-02-1995,U.S.A,Central,Wisconsin,Sheboygan,53081
2380,Professor Lisa Branch,Small Business,Single,Female,05-02-1997,USA,Central,Michigan,Grand Rapids,49505
190,Mister. Lloyd Norris,Corporate,Single,Female,05-02-1997,US,Central,Illinois,Arlington Heights,60004
190,Mister. Lloyd Norris,Corporate,Single,Female,05-02-1997,US,Central,Illinois,Arlington Heights,60004
1005,Dr. Lloyd Dickson,Small Business,Single,Female,05-02-1989,U.S.A,Central,Illinois,Buffalo Grove,60089
2979,Prof. Lloyd Dolan,Corporate,Single,Female,05-02-1993,United States Of America,Central,North Dakota,Dickinson,58601
1986,Professor Lynda Rosenthal,Home Office,Single,Female,05-02-1990,United States Of America,Central,Texas,Midland,79701
2713,Prof. Lynda Banks,Corporate,Single,Female,07-12-1986,U.S,Central,Michigan,Kalamazoo,49001
1686,Doctor. Lynn O'Donnell,Corporate,Single,Female,07-12-1996,United States Of America,Central,Illinois,Elgin,60123
885,Doctor. Malcolm Robertson,Corporate,Single,Female,07-12-1990,USA,Central,Texas,Amarillo,79109
1138,Prof. Malcolm Floyd,Home Office,Single,Female,07-12-1988,US,Central,Texas,The Colony,75056
2072,Professor Malcolm S Lanier,Corporate,Single,Female,05-02-1995,U.S.A,Central,Michigan,Flint,48505
1357,Dr. Marguerite Yu,Home Office,Single,Female,05-02-1994,USA,Central,Texas,Weslaco,78596
2874,Dr. Marian Willis,Home Office,Single,Female,05-02-1994,US,Central,Nebraska,La Vista,68128
2061,Prof. Marianne Carey,Corporate,Single,Female,07-12-1986,United States Of America,Central,Nebraska,North Platte,69101
3179,Prof. Marie Pittman,Corporate,Single,Female,05-02-1995,USA,Central,Minnesota,Owatonna,55060
916,Doctor. Marion Wilcox,Corporate,Single,Female,05-02-1989,U.S.A,Central,Texas,Burleson,76028
1133,Dr. Marjorie Owens,Home Office,Single,Female,05-02-1992,USA,Central,Texas,Farmers Branch,75234
518,Mister. Mark Ritchie,Home Office,Single,Female,07-12-1992,United States Of America,Central,Missouri,Clayton,63105
1775,Doctor. Marlene Kirk,Consumer,Single,Female,05-02-1998,U.S.A,Central,Indiana,South Bend,46614
2274,Dr. Marlene Harrison,Corporate,Single,Female,07-12-1996,US,Central,Texas,Houston,77036
825,Doctor. Marvin Hunt,Home Office,Single,Female,05-02-1988,United States Of America,Central,Texas,Abilene,79605
2190,Prof. Marvin Patrick,Home Office,Single,Female,05-02-1992,US,Central,Michigan,Detroit,48227
2372,Doctor. Marvin Parrott,Corporate,Single,Female,05-02-1990,U.S,Central,Minnesota,Duluth,55803
3399,Doctor. Marvin Reid,Small Business,Single,Female,05-02-1993,U.S,Central,Illinois,Des Plaines,60016
2131,Doctor. Mary Hewitt,Home Office,Single,Female,07-12-1995,USA,Central,Missouri,Gladstone,64118
1894,Doctor. Maureen Herbert Hood,Consumer,Single,Female,05-02-1993,United States Of America,Central,Wisconsin,Appleton,54915
3146,Professor Maureen Stout,Corporate,Single,Female,05-02-1995,U.S.A,Central,Texas,Pharr,78577
97,Mrs. Max McKenna,Home Office,Single,Female,05-02-1990,U.S,Central,Kansas,Manhattan,66502
97,Mrs. Max McKenna,Home Office,Single,Female,05-02-1990,U.S,Central,Kansas,Manhattan,66502
202,Mr. Max Small,Corporate,Single,Female,05-02-1992,United States Of America,Central,Oklahoma,Bartlesville,74006
1106,Dr. Maxine Collier Grady,Consumer,Single,Female,07-12-1994,US,Central,Texas,Dallas,75220
2333,Dr. Megan Woods,Small Business,Single,Female,07-12-1995,USA,Central,Wisconsin,Green Bay,54302
1893,Prof. Melanie Burgess,Consumer,Single,Female,07-12-1997,USA,Central,Missouri,Webster Groves,63119
2448,Doctor. Melanie Morrow,Consumer,Single,Female,05-02-1987,USA,Central,Minnesota,Edina,55410
2151,Prof. Melinda Rogers,Corporate,Single,Female,05-02-1989,U.S,Central,Iowa,Dubuque,52001
721,Prof. Melvin Duke,Corporate,Single,Female,05-02-1996,United States Of America,Central,Indiana,Frankfort,46041
1132,Doctor. Michael Robbins,Corporate,Single,Female,05-02-1991,U.S.A,Central,Texas,Euless,76039
1482,Doctor. Michael Tanner,Corporate,Single,Female,07-12-1993,USA,Central,Michigan,Bay City,48708
233,Mr. Michele Bullard,Small Business,Single,Female,05-02-1998,US,Central,Illinois,Orland Park,60462
2379,Dr. Mildred Briggs,Small Business,Single,Female,05-02-1997,U.S.A,Central,Michigan,Garden City,48135
1777,Professor Miriam Greenberg,Corporate,Single,Female,07-12-1994,United States Of America,Central,Indiana,Valparaiso,46383
2281,Professor Monica Harvey,Home Office,Single,Female,05-02-1997,U.S,Central,Wisconsin,Eau Claire,54703
3230,Doctor. Monica Stuart,Small Business,Single,Female,05-02-1992,USA,Central,Wisconsin,Waukesha,53186
2283,Doctor. Nancy Holden,Home Office,Single,Female,05-02-1993,USA,Central,Wisconsin,Franklin,53132
2987,Doctor. Natalie Watts,Home Office,Single,Female,05-02-1996,US,Central,Iowa,West Des Moines,50265
3124,Doctor. Neil Barbee,Home Office,Single,Female,05-02-1998,U.S,Central,Illinois,Moline,61265
3143,Dr. Neil Song,Consumer,Single,Female,05-02-1990,U.S,Central,Texas,Pflugerville,78660
2423,Dr. Nicholas Wallace,Home Office,Single,Female,05-02-1986,U.S,Central,Texas,Hurst,76053
1533,Professor Nicole Reid,Corporate,Single,Female,05-02-1991,United States Of America,Central,Missouri,University City,63130
1648,Dr. Nina Bowles,Corporate,Single,Female,05-02-1993,U.S,Central,Illinois,Woodstock,60098
2204,Prof. Oscar Ford,Consumer,Single,Female,07-12-1989,United States Of America,Central,Minnesota,Burnsville,55337
3361,Professor Oscar Kenney,Home Office,Single,Female,05-02-1993,United States Of America,Central,Wisconsin,West Bend,53095
1743,Prof. Paige Jacobs,Consumer,Single,Female,05-02-1994,U.S.A,Central,Texas,Friendswood,77546
62,Mrs. Pam Gilbert,Corporate,Single,Female,05-02-1991,United States Of America,Central,Texas,Round Rock,78664
62,Mrs. Pam Gilbert,Corporate,Single,Female,05-02-1991,United States Of America,Central,Texas,Round Rock,78664
1069,Dr. Pam Bennett,Home Office,Single,Female,05-02-1989,U.S,Central,Illinois,Carbondale,62901
2305,Prof. Pat Kinney,Small Business,Single,Female,05-02-1989,U.S,Central,South Dakota,Watertown,57201
288,Mrs Patricia Cole Blair,Small Business,Single,Female,05-02-1991,US,Central,Kansas,Wichita,67212
1229,Doctor. Patrick Byrne,Small Business,Single,Female,05-02-1995,US,Central,Texas,Sulphur Springs,75482
1623,Prof. Patrick Adcock,Small Business,Single,Female,05-02-1994,United States Of America,Central,Indiana,Schererville,46375
1368,Doctor. Patsy Harmon,Consumer,Single,Female,05-02-1986,U.S,Central,Texas,Lufkin,75901
1281,Dr. Pauline Denton,Small Business,Single,Female,05-02-1996,United States Of America,Central,Indiana,Vincennes,47591
551,Professor Peggy Chan,Corporate,Single,Female,05-02-1986,USA,Central,Texas,Sherman,75090
3008,Professor Penny Rich,Home Office,Single,Female,05-02-1993,U.S,Central,Minnesota,Minnetonka Mills,55343
2132,Dr. Philip Hawkins,Home Office,Single,Female,05-02-1988,United States Of America,Central,Missouri,Hazelwood,63042
3000,Doctor. Priscilla Allen,Consumer,Single,Female,05-02-1995,United States Of America,Central,Michigan,Pontiac,48342
1765,Professor Ralph Woods Scott,Consumer,Single,Female,05-02-1990,US,Central,Missouri,Creve Coeur,63141
1127,Dr. Ray Grady,Consumer,Single,Female,05-02-1996,United States Of America,Central,Texas,Eagle Pass,78852
1778,Prof. Ray Oakley,Consumer,Single,Female,05-02-1998,US,Central,Indiana,West Lafayette,47906
1418,Dr. Rebecca Lindsey,Small Business,Single,Female,05-02-1989,U.S,Central,Indiana,Kokomo,46901
1692,Professor Rhonda Schroeder,Consumer,Single,Female,05-02-1989,U.S,Central,Kansas,Newton,67114
2472,Dr. Ricky Sanders,Home Office,Single,Female,05-02-1998,USA,Central,Illinois,Joliet,60432
1974,Doctor. Robert Brantley,Consumer,Single,Female,05-02-1990,U.S.A,Central,Michigan,Dearborn Heights,48127
2865,Doctor. Roberta Mitchell,Corporate,Single,Female,05-02-1997,United States Of America,Central,Texas,Paris,75460
646,Prof. Robin High,Corporate,Single,Female,07-12-1985,U.S.A,Central,Minnesota,Shakopee,55379
1442,Professor Rodney Field,Corporate,Single,Female,07-12-1990,U.S,Central,Missouri,Springfield,65807
388,Mr. Roger Schwartz,Corporate,Single,Female,05-02-1996,U.S,Central,Nebraska,Kearney,68847
649,Dr. Roger Meyer,Home Office,Single,Female,05-02-1994,United States Of America,Central,Illinois,Buffalo Grove,60089
1593,Dr. Ronald O'Neill,Corporate,Single,Female,05-02-1987,U.S.A,Central,Oklahoma,Bartlesville,74006
266,Mrs Ross Frederick,Corporate,Single,Female,05-02-1993,USA,Central,Texas,San Antonio,78207
314,Mrs Ruby Gibbons,Corporate,Single,Female,05-02-1991,U.S,Central,Illinois,Forest Park,60130
1142,Doctor. Russell Chan,Home Office,Single,Female,05-02-1993,U.S,Central,Texas,Waco,76706
540,Miss. Ruth Lamm,Small Business,Single,Female,05-02-1997,U.S,Central,Illinois,Vernon Hills,60061
2289,Dr. Ryan Herman,Home Office,Single,Female,07-12-1986,United States Of America,Central,Minnesota,Burnsville,55337
959,Prof. Sally House,Corporate,Single,Female,05-02-1989,US,Central,Texas,Burleson,76028
2973,Dr. Sally Liu,Home Office,Single,Female,05-02-1992,U.S.A,Central,Wisconsin,New Berlin,53151
1644,Doctor. Sam Woodward,Small Business,Single,Female,07-12-1994,US,Central,Texas,Friendswood,77546
197,Miss Samantha Weaver,Small Business,Single,Female,05-02-1997,U.S.A,Central,Kansas,Overland Park,66212
197,Miss Samantha Weaver,Small Business,Single,Female,05-02-1997,U.S.A,Central,Kansas,Overland Park,66212
3089,Professor Sandy Cannon,Corporate,Single,Female,05-02-1995,United States Of America,Central,Kansas,Leawood,66209
1934,Professor Scott Moore,Home Office,Single,Female,07-12-1990,U.S,Central,Texas,Georgetown,78626
1962,Professor Sean Burton,Home Office,Single,Female,05-02-1993,US,Central,Michigan,Saginaw,48601
2991,Dr. Sean Herbert,Home Office,Single,Female,05-02-1994,U.S,Central,Wisconsin,Racine,53402
683,Professor Seth Merrill,Small Business,Single,Female,07-12-1992,United States Of America,Central,Nebraska,Papillion,68046
2584,Professor Seth Matthews,Home Office,Single,Female,05-02-1992,U.S.A,Central,Michigan,Inkster,48141
868,Prof. Sharon Ellis,Corporate,Single,Female,07-12-1988,U.S.A,Central,Minnesota,Shoreview,55126
3229,Prof. Sharon Kessler,Small Business,Single,Female,05-02-1990,U.S.A,Central,Wisconsin,Superior,54880
2521,Dr. Shawn Meyer,Home Office,Single,Female,05-02-1993,U.S.A,Central,Texas,Corsicana,75109
1749,Dr. Sherri P Stephens,Home Office,Single,Female,07-12-1987,United States Of America,Central,Oklahoma,Lawton,73505
1976,Dr. Sherri F Vogel,Consumer,Single,Female,05-02-1997,USA,Central,Michigan,East Lansing,48823
827,Dr. Sheryl Marsh,Home Office,Single,Female,05-02-1990,US,Central,Texas,Amarillo,79109
1828,Dr. Stacey Lucas,Corporate,Single,Female,05-02-1994,U.S,Central,Iowa,Cedar Falls,50613
1427,Prof. Stacy Gould,Home Office,Single,Female,05-02-1997,USA,Central,Michigan,Bay City,48708
2334,Professor Stephanie Hawkins,Home Office,Single,Female,05-02-1990,United States Of America,Central,Wisconsin,Greenfield,53220
648,Doctor. Steve O'Brien,Home Office,Single,Female,07-12-1994,USA,Central,Illinois,Bolingbrook,60440
3261,Dr. Steven Long,Consumer,Single,Female,07-12-1996,United States Of America,Central,Michigan,Adrian,49221
1829,Professor Suzanne Cochran,Corporate,Single,Female,05-02-1994,U.S.A,Central,Iowa,Cedar Rapids,52402
377,Miss. Sylvia Bush,Consumer,Single,Female,05-02-1995,United States Of America,Central,Illinois,Batavia,60510
3042,Professor Tara Gold,Small Business,Single,Female,05-02-1995,US,Central,Kansas,Hutchinson,67501
1957,Dr. Ted Crowder,Consumer,Single,Female,05-02-1997,United States Of America,Central,Missouri,University City,63130
444,Mr Thelma Abrams,Small Business,Single,Female,07-12-1996,US,Central,Illinois,Urbana,61801
1075,Professor Theodore Tyson,Home Office,Single,Female,07-12-1987,U.S.A,Central,Illinois,Romeoville,60441
2775,Professor Theodore Rubin,Consumer,Single,Female,05-02-1987,United States Of America,Central,Illinois,Franklin Park,60131
3069,Dr. Tiffany Merrill,Consumer,Single,Female,05-02-1987,USA,Central,Minnesota,Oakdale,55128
2833,Prof. Tim Connolly,Small Business,Single,Female,05-02-1989,United States Of America,Central,Minnesota,Inver Grove Heights,55076
3035,Prof. Tina Evans,Home Office,Single,Female,05-02-1995,U.S.A,Central,Illinois,Lombard,60148
2157,Doctor. Tom Hoyle Honeycutt,Home Office,Single,Female,07-12-1989,U.S.A,Central,Michigan,Warren,48093
689,Doctor. Tommy Honeycutt,Small Business,Single,Female,05-02-1994,U.S,Central,Missouri,Saint Peters,63376
2502,Doctor. Toni Owens Poe,Home Office,Single,Female,05-02-1997,U.S,Central,Indiana,Munster,46321
954,Professor Tony Chandler,Small Business,Single,Female,05-02-1990,United States Of America,Central,Texas,Highland Village,75067
2450,Dr. Tonya Miller,Home Office,Single,Female,05-02-1995,United States Of America,Central,Wisconsin,Janesville,53545
2458,Prof. Troy Casey,Home Office,Single,Female,05-02-1992,U.S,Central,Minnesota,Edina,55410
447,Mrs. Valerie Moon,Corporate,Single,Female,05-02-1997,U.S.A,Central,Minnesota,Roseville,55113
573,Prof. Vanessa Winstead,Corporate,Single,Female,05-02-1995,United States Of America,Central,Illinois,Pekin,61554
1065,Prof. Vicki Bond,Corporate,Single,Female,05-02-1998,United States Of America,Central,Illinois,Burbank,60459
1253,Dr. Vickie Coates,Home Office,Single,Female,07-12-1994,US,Central,Texas,Cedar Park,78613
2071,Dr. Victor Cherry,Corporate,Single,Female,05-02-1988,U.S,Central,Michigan,Farmington Hills,48336
1827,Doctor. Vincent Hale,Corporate,Single,Female,05-02-1995,US,Central,Iowa,Burlington,52601
286,Mistress. Virginia Gay,Small Business,Single,Female,07-12-1996,United States Of America,Central,Kansas,Shawnee,66203
2553,Professor Virginia McNeill,Home Office,Single,Female,05-02-1998,USA,Central,Wisconsin,Kenosha,53142
3197,Dr. Wallace Pugh,Home Office,Single,Female,05-02-1988,US,Central,Illinois,Northbrook,60062
1485,Professor Wayne Sutherland,Home Office,Single,Female,05-02-1995,US,Central,Illinois,Downers Grove,60516
2016,Doctor. Wayne Bean,Corporate,Single,Female,05-02-1991,U.S,Central,Michigan,Southgate,48195
2583,Dr. Wendy Pridgen Pearce,Home Office,Single,Female,05-02-1997,U.S,Central,Michigan,Holland,49423
1402,Professor Wesley Tate,Home Office,Single,Female,05-02-1992,USA,Central,Illinois,Chicago,60653
1466,Prof. Wesley Reid,Small Business,Single,Female,07-12-1989,U.S.A,Central,Nebraska,Columbus,68601
1683,Prof. Wesley Corbett,Consumer,Single,Female,05-02-1987,USA,Central,Texas,Conroe,77301
2159,Dr. Wesley Field,Corporate,Single,Female,05-02-1988,USA,Central,Michigan,Westland,48185
1933,Dr. William Crawford,Corporate,Single,Female,05-02-1995,US,Central,Texas,Garland,75043
2954,Professor William Sharma,Consumer,Single,Female,07-12-1996,United States Of America,Central,Minnesota,Maplewood,55119
146,Miss Yvonne Fox,Corporate,Single,Female,07-12-1992,USA,Central,Texas,Watauga,76148
146,Miss Yvonne Fox,Corporate,Single,Female,07-12-1992,USA,Central,Texas,Watauga,76148
962,Doctor. Yvonne Clarke,Home Office,Single,Female,05-02-1990,U.S,Central,Illinois,Chicago,60610
2457,Professor Yvonne Collier,Home Office,Single,Female,05-02-1991,US,Central,Minnesota,Lino Lakes,55014
