Policy_Id,Policy_Name,Policy_Type_Id,Policy_Type_Desc,Policy_Term,Policy_Start_Dt,Policy_End_Dt
13579_1907,HSB_Lifeclaim_13579,13579,Related to Life or Personal Claim,Quarterly,04-01-2012,12/28/2037
13579_2618,HSB_Lifeclaim_13579,13579,Related to Life or Personal Claim,Quarterly,12/31/2007,12/27/2035
13579_460,HSB_Lifeclaim_13579,13579,Related to Life or Personal Claim,Quarterly,01-02-2008,12/28/2030
13579_3012,HSB_Lifeclaim_13579,13579,Related to Life or Personal Claim,Quarterly,12/31/2009,12/27/2030
02468_331,HSB_Jewel_02468,2468,"Related to Ornaments, Property Claim",Half Yearly,01-01-2009,12/31/2031
02468_2162,HSB_Jewel_02468,2468,"Related to Ornaments, Property Claim",Half Yearly,10-01-2008,12/27/2029
13579_142,HSB_Lifeclaim_13579,13579,Related to Life or Personal Claim,Quarterly,12/31/2005,12/28/2029
98765_398,HSB_Auto_98765,98765,Related to 4 wheelers or 3 wheelers or 2 wheelers Claims,Monthly,06-01-2007,12/29/2029
98765_929,HSB_Auto_98765,98765,Related to 4 wheelers or 3 wheelers or 2 wheelers Claims,Monthly,03-03-2007,12/28/2030
13579_2797,HSB_Lifeclaim_13579,13579,Related to Life or Personal Claim,Quarterly,04-01-2007,12/27/2029
98765_3386,HSB_Auto_98765,98765,Related to 4 wheelers or 3 wheelers or 2 wheelers Claims,Monthly,03-03-2007,12/27/2029
13579_1595,HSB_Lifeclaim_13579,13579,Related to Life or Personal Claim,Quarterly,11-01-2006,12/27/2030
13579_3306,HSB_Lifeclaim_13579,13579,Related to Life or Personal Claim,Quarterly,01-01-2007,12/29/2029
13579_1840,HSB_Lifeclaim_13579,13579,Related to Life or Personal Claim,Quarterly,12/31/2005,12/29/2030
13579_1471,HSB_Lifeclaim_13579,13579,Related to Life or Personal Claim,Quarterly,12/31/2005,12/28/2029
98765_3139,HSB_Auto_98765,98765,Related to 4 wheelers or 3 wheelers or 2 wheelers Claims,Monthly,03-01-2007,12/30/2029
02468_2276,HSB_Jewel_02468,2468,"Related to Ornaments, Property Claim",Half Yearly,08-02-2009,01-02-2030
13579_1709,HSB_Lifeclaim_13579,13579,Related to Life or Personal Claim,Quarterly,12/31/2005,12/27/2029
02468_1156,HSB_Jewel_02468,2468,"Related to Ornaments, Property Claim",Half Yearly,10-01-2008,12/27/2030
98765_1227,HSB_Auto_98765,98765,Related to 4 wheelers or 3 wheelers or 2 wheelers Claims,Monthly,06-03-2008,12/27/2028
98765_2020,HSB_Auto_98765,98765,Related to 4 wheelers or 3 wheelers or 2 wheelers Claims,Monthly,12/31/2006,12/27/2029
98765_1680,HSB_Auto_98765,98765,Related to 4 wheelers or 3 wheelers or 2 wheelers Claims,Monthly,06-01-2010,12/27/2031
13579_2760,HSB_Lifeclaim_13579,13579,Related to Life or Personal Claim,Quarterly,12/31/2009,12/27/2029
13579_2351,HSB_Lifeclaim_13579,13579,Related to Life or Personal Claim,Quarterly,12/31/2005,12/27/2032
13579_1202,HSB_Lifeclaim_13579,13579,Related to Life or Personal Claim,Quarterly,10/31/2006,12/27/2028
13579_210,HSB_Lifeclaim_13579,13579,Related to Life or Personal Claim,Quarterly,12/31/2005,12/27/2033
13579_2963,HSB_Lifeclaim_13579,13579,Related to Life or Personal Claim,Quarterly,12/31/2007,12/27/2028
13579_975,HSB_Lifeclaim_13579,13579,Related to Life or Personal Claim,Quarterly,10/31/2009,12/27/2031
13579_2196,HSB_Lifeclaim_13579,13579,Related to Life or Personal Claim,Quarterly,10/31/2007,12/27/2032
13579_2382,HSB_Lifeclaim_13579,13579,Related to Life or Personal Claim,Quarterly,04-01-2011,12/27/2032
13579_1497,HSB_Lifeclaim_13579,13579,Related to Life or Personal Claim,Quarterly,3/30/2009,12/27/2029
98765_663,HSB_Auto_98765,98765,Related to 4 wheelers or 3 wheelers or 2 wheelers Claims,Monthly,03-03-2007,12/27/2032
13579_3311,HSB_Lifeclaim_13579,13579,Related to Life or Personal Claim,Quarterly,12/31/2005,12/27/2031
02468_1885,HSB_Jewel_02468,2468,"Related to Ornaments, Property Claim",Half Yearly,10-01-2009,12/27/2031
13579_855,HSB_Lifeclaim_13579,13579,Related to Life or Personal Claim,Quarterly,12/31/2007,12/27/2032
02468_2507,HSB_Jewel_02468,2468,"Related to Ornaments, Property Claim",Half Yearly,12/30/2011,12/27/2030
13579_1380,HSB_Lifeclaim_13579,13579,Related to Life or Personal Claim,Quarterly,12/31/2009,12/27/2028
13579_899,HSB_Lifeclaim_13579,13579,Related to Life or Personal Claim,Quarterly,3/30/2009,12/27/2031
98765_351,HSB_Auto_98765,98765,Related to 4 wheelers or 3 wheelers or 2 wheelers Claims,Monthly,03-03-2007,12/27/2030
13579_731,HSB_Lifeclaim_13579,13579,Related to Life or Personal Claim,Quarterly,12/31/2006,12/27/2032
13579_3078,HSB_Lifeclaim_13579,13579,Related to Life or Personal Claim,Quarterly,12/31/2007,12/27/2031
13579_1607,HSB_Lifeclaim_13579,13579,Related to Life or Personal Claim,Quarterly,12/31/2009,12/27/2028
98765_1009,HSB_Auto_98765,98765,Related to 4 wheelers or 3 wheelers or 2 wheelers Claims,Monthly,03-03-2010,12/27/2036
13579_2938,HSB_Lifeclaim_13579,13579,Related to Life or Personal Claim,Quarterly,12/31/2011,12/27/2033
13579_2516,HSB_Lifeclaim_13579,13579,Related to Life or Personal Claim,Quarterly,12/31/2007,12/27/2036
13579_3098,HSB_Lifeclaim_13579,13579,Related to Life or Personal Claim,Quarterly,12/31/2011,12/27/2034
13579_1193,HSB_Lifeclaim_13579,13579,Related to Life or Personal Claim,Quarterly,12/31/2002,12/27/2031
13579_2923,HSB_Lifeclaim_13579,13579,Related to Life or Personal Claim,Quarterly,12/31/2011,12/27/2025
13579_2601,HSB_Lifeclaim_13579,13579,Related to Life or Personal Claim,Quarterly,3/30/2009,12/27/2029
02468_1028,HSB_Jewel_02468,2468,"Related to Ornaments, Property Claim",Half Yearly,01-01-2015,12/27/2031
13579_1340,HSB_Lifeclaim_13579,13579,Related to Life or Personal Claim,Quarterly,3/30/2009,12/27/2033
98765_469,HSB_Auto_98765,98765,Related to 4 wheelers or 3 wheelers or 2 wheelers Claims,Monthly,06-01-2010,12/27/2035
13579_579,HSB_Lifeclaim_13579,13579,Related to Life or Personal Claim,Quarterly,12/31/2006,12/27/2033
13579_2549,HSB_Lifeclaim_13579,13579,Related to Life or Personal Claim,Quarterly,12/31/2007,12/27/2038
13579_1639,HSB_Lifeclaim_13579,13579,Related to Life or Personal Claim,Quarterly,12/30/2008,12/27/2033
13579_1733,HSB_Lifeclaim_13579,13579,Related to Life or Personal Claim,Quarterly,10/31/2009,12/27/2035
13579_2667,HSB_Lifeclaim_13579,13579,Related to Life or Personal Claim,Quarterly,12/31/2010,12/27/2036
13579_3251,HSB_Lifeclaim_13579,13579,Related to Life or Personal Claim,Quarterly,10/31/2010,12/27/2035
13579_997,HSB_Lifeclaim_13579,13579,Related to Life or Personal Claim,Quarterly,12/30/2004,12/27/2031
13579_3367,HSB_Lifeclaim_13579,13579,Related to Life or Personal Claim,Quarterly,12/31/2007,12/27/2036
13579_371,HSB_Lifeclaim_13579,13579,Related to Life or Personal Claim,Quarterly,12/30/2012,12/27/2037
13579_275,HSB_Lifeclaim_13579,13579,Related to Life or Personal Claim,Quarterly,12/31/2007,12/27/2032
13579_488,HSB_Lifeclaim_13579,13579,Related to Life or Personal Claim,Quarterly,12/30/2008,12/27/2027
02468_741,HSB_Jewel_02468,2468,"Related to Ornaments, Property Claim",Half Yearly,10-01-2005,12/27/2030
02468_2212,HSB_Jewel_02468,2468,"Related to Ornaments, Property Claim",Half Yearly,10-01-2012,12/27/2035
98765_2709,HSB_Auto_98765,98765,Related to 4 wheelers or 3 wheelers or 2 wheelers Claims,Monthly,03-02-2012,12/27/2026
13579_2883,HSB_Lifeclaim_13579,13579,Related to Life or Personal Claim,Quarterly,12/30/2012,12/27/2027
02468_624,HSB_Jewel_02468,2468,"Related to Ornaments, Property Claim",Half Yearly,10-01-2008,12/27/2035
02468_306,HSB_Jewel_02468,2468,"Related to Ornaments, Property Claim",Half Yearly,10-01-2013,12/27/2033
13579_1104,HSB_Lifeclaim_13579,13579,Related to Life or Personal Claim,Quarterly,12/30/2008,12/27/2032
13579_600,HSB_Lifeclaim_13579,13579,Related to Life or Personal Claim,Quarterly,12/30/2008,12/27/2037
98765_1062,HSB_Auto_98765,98765,Related to 4 wheelers or 3 wheelers or 2 wheelers Claims,Monthly,06-01-2010,12/27/2028
13579_3079,HSB_Lifeclaim_13579,13579,Related to Life or Personal Claim,Quarterly,10/31/2005,12/27/2034
13579_211,HSB_Lifeclaim_13579,13579,Related to Life or Personal Claim,Quarterly,04-02-2008,12/27/2030
98765_1159,HSB_Auto_98765,98765,Related to 4 wheelers or 3 wheelers or 2 wheelers Claims,Monthly,01-02-2008,12/28/2031
13579_2764,HSB_Lifeclaim_13579,13579,Related to Life or Personal Claim,Quarterly,12/30/2008,12/30/2032
02468_858,HSB_Jewel_02468,2468,"Related to Ornaments, Property Claim",Half Yearly,7/31/2008,12/31/2032
02468_315,HSB_Jewel_02468,2468,"Related to Ornaments, Property Claim",Half Yearly,01-01-2011,12/28/2033
98765_3314,HSB_Auto_98765,98765,Related to 4 wheelers or 3 wheelers or 2 wheelers Claims,Monthly,12/31/2005,12/29/2029
98765_339,HSB_Auto_98765,98765,Related to 4 wheelers or 3 wheelers or 2 wheelers Claims,Monthly,03-03-2007,12/27/2029
98765_3067,HSB_Auto_98765,98765,Related to 4 wheelers or 3 wheelers or 2 wheelers Claims,Monthly,03-02-2008,12/29/2029
02468_358,HSB_Jewel_02468,2468,"Related to Ornaments, Property Claim",Half Yearly,01-01-2009,12/27/2028
13579_2215,HSB_Lifeclaim_13579,13579,Related to Life or Personal Claim,Quarterly,10/31/2005,01-02-2031
02468_1734,HSB_Jewel_02468,2468,"Related to Ornaments, Property Claim",Half Yearly,10-01-2008,12/27/2030
13579_2924,HSB_Lifeclaim_13579,13579,Related to Life or Personal Claim,Quarterly,10/31/2005,12/27/2029
13579_1341,HSB_Lifeclaim_13579,13579,Related to Life or Personal Claim,Quarterly,12/31/2006,12/27/2030
13579_3307,HSB_Lifeclaim_13579,13579,Related to Life or Personal Claim,Quarterly,12/31/2005,12/27/2031
02468_489,HSB_Jewel_02468,2468,"Related to Ornaments, Property Claim",Half Yearly,01-01-2011,12/27/2030
02468_1854,HSB_Jewel_02468,2468,"Related to Ornaments, Property Claim",Half Yearly,01-01-2011,12/27/2030
13579_1646,HSB_Lifeclaim_13579,13579,Related to Life or Personal Claim,Quarterly,12/31/2007,12/27/2032
98765_3400,HSB_Auto_98765,98765,Related to 4 wheelers or 3 wheelers or 2 wheelers Claims,Monthly,06-01-2008,12/27/2029
13579_903,HSB_Lifeclaim_13579,13579,Related to Life or Personal Claim,Quarterly,04-01-2011,12/27/2032
13579_1602,HSB_Lifeclaim_13579,13579,Related to Life or Personal Claim,Quarterly,12/31/2006,12/27/2029
13579_1023,HSB_Lifeclaim_13579,13579,Related to Life or Personal Claim,Quarterly,12/31/2009,12/27/2032
98765_1197,HSB_Auto_98765,98765,Related to 4 wheelers or 3 wheelers or 2 wheelers Claims,Monthly,03-03-2006,12/27/2032
13579_1228,HSB_Lifeclaim_13579,13579,Related to Life or Personal Claim,Quarterly,12/30/2008,12/27/2032
13579_980,HSB_Lifeclaim_13579,13579,Related to Life or Personal Claim,Quarterly,12/31/2007,12/27/2030
13579_2391,HSB_Lifeclaim_13579,13579,Related to Life or Personal Claim,Quarterly,12/31/2005,12/27/2031
02468_772,HSB_Jewel_02468,2468,"Related to Ornaments, Property Claim",Half Yearly,10-01-2009,12/27/2033
02468_2551,HSB_Jewel_02468,2468,"Related to Ornaments, Property Claim",Half Yearly,9/30/2011,12/27/2032
02468_1203,HSB_Jewel_02468,2468,"Related to Ornaments, Property Claim",Half Yearly,10-01-2012,12/27/2037
13579_406,HSB_Lifeclaim_13579,13579,Related to Life or Personal Claim,Quarterly,10/31/2009,12/27/2031
98765_2197,HSB_Auto_98765,98765,Related to 4 wheelers or 3 wheelers or 2 wheelers Claims,Monthly,06-01-2006,12/27/2033
02468_580,HSB_Jewel_02468,2468,"Related to Ornaments, Property Claim",Half Yearly,10-01-2008,12/27/2030
13579_2685,HSB_Lifeclaim_13579,13579,Related to Life or Personal Claim,Quarterly,10/31/2006,12/27/2032
13579_2964,HSB_Lifeclaim_13579,13579,Related to Life or Personal Claim,Quarterly,12/31/2007,12/27/2033
02468_1035,HSB_Jewel_02468,2468,"Related to Ornaments, Property Claim",Half Yearly,3/31/2008,12/27/2036
98765_2352,HSB_Auto_98765,98765,Related to 4 wheelers or 3 wheelers or 2 wheelers Claims,Monthly,5/30/2009,12/27/2033
13579_2941,HSB_Lifeclaim_13579,13579,Related to Life or Personal Claim,Quarterly,04-01-2006,12/27/2027
98765_3136,HSB_Auto_98765,98765,Related to 4 wheelers or 3 wheelers or 2 wheelers Claims,Monthly,03-03-2007,12/27/2028
02468_2649,HSB_Jewel_02468,2468,"Related to Ornaments, Property Claim",Half Yearly,10-01-2013,12/27/2037
02468_1725,HSB_Jewel_02468,2468,"Related to Ornaments, Property Claim",Half Yearly,10-01-2010,12/27/2034
13579_2279,HSB_Lifeclaim_13579,13579,Related to Life or Personal Claim,Quarterly,12/31/2007,12/27/2034
13579_276,HSB_Lifeclaim_13579,13579,Related to Life or Personal Claim,Quarterly,12/30/2008,12/27/2035
02468_466,HSB_Jewel_02468,2468,"Related to Ornaments, Property Claim",Half Yearly,10-01-2012,12/27/2035
13579_144,HSB_Lifeclaim_13579,13579,Related to Life or Personal Claim,Quarterly,12/31/2013,12/27/2029
98765_1072,HSB_Auto_98765,98765,Related to 4 wheelers or 3 wheelers or 2 wheelers Claims,Monthly,5/30/2005,12/27/2027
02468_3243,HSB_Jewel_02468,2468,"Related to Ornaments, Property Claim",Half Yearly,10-01-2013,12/27/2025
13579_2165,HSB_Lifeclaim_13579,13579,Related to Life or Personal Claim,Quarterly,12/31/2013,12/27/2025
98765_736,HSB_Auto_98765,98765,Related to 4 wheelers or 3 wheelers or 2 wheelers Claims,Monthly,03-03-2003,12/27/2026
13579_3252,HSB_Lifeclaim_13579,13579,Related to Life or Personal Claim,Quarterly,10/31/2007,12/27/2027
13579_1690,HSB_Lifeclaim_13579,13579,Related to Life or Personal Claim,Quarterly,10/31/2003,12/27/2036
13579_1889,HSB_Lifeclaim_13579,13579,Related to Life or Personal Claim,Quarterly,10/31/2013,12/27/2027
13579_711,HSB_Lifeclaim_13579,13579,Related to Life or Personal Claim,Quarterly,12/31/2014,12/27/2027
02468_1413,HSB_Jewel_02468,2468,"Related to Ornaments, Property Claim",Half Yearly,3/30/2011,12/27/2036
02468_2817,HSB_Jewel_02468,2468,"Related to Ornaments, Property Claim",Half Yearly,10-01-2013,12/27/2030
13579_2508,HSB_Lifeclaim_13579,13579,Related to Life or Personal Claim,Quarterly,10/31/2012,12/27/2033
02468_2603,HSB_Jewel_02468,2468,"Related to Ornaments, Property Claim",Half Yearly,10-01-2006,12/27/2029
13579_2038,HSB_Lifeclaim_13579,13579,Related to Life or Personal Claim,Quarterly,12/31/2005,12/27/2034
13579_2737,HSB_Lifeclaim_13579,13579,Related to Life or Personal Claim,Quarterly,12/31/2014,12/27/2026
13579_1519,HSB_Lifeclaim_13579,13579,Related to Life or Personal Claim,Quarterly,10/31/2002,12/27/2030
98765_1124,HSB_Auto_98765,98765,Related to 4 wheelers or 3 wheelers or 2 wheelers Claims,Monthly,03-03-2011,12/27/2033
02468_383,HSB_Jewel_02468,2468,"Related to Ornaments, Property Claim",Half Yearly,01-01-2017,12/27/2031
02468_999,HSB_Jewel_02468,2468,"Related to Ornaments, Property Claim",Half Yearly,7/31/2014,12/27/2027
13579_2520,HSB_Lifeclaim_13579,13579,Related to Life or Personal Claim,Quarterly,04-01-2011,12/27/2029
13579_627,HSB_Lifeclaim_13579,13579,Related to Life or Personal Claim,Quarterly,04-01-2010,12/27/2029
13579_3369,HSB_Lifeclaim_13579,13579,Related to Life or Personal Claim,Quarterly,12/30/2008,12/27/2034
13579_2884,HSB_Lifeclaim_13579,13579,Related to Life or Personal Claim,Quarterly,12/31/2011,12/27/2026
13579_1946,HSB_Lifeclaim_13579,13579,Related to Life or Personal Claim,Quarterly,10/31/2002,12/27/2033
13579_1472,HSB_Lifeclaim_13579,13579,Related to Life or Personal Claim,Quarterly,12/30/2008,12/27/2032
13579_470,HSB_Lifeclaim_13579,13579,Related to Life or Personal Claim,Quarterly,04-01-2006,12/27/2030
02468_1614,HSB_Jewel_02468,2468,"Related to Ornaments, Property Claim",Half Yearly,10-01-2006,12/27/2031
98765_11,HSB_Auto_98765,98765,Related to 4 wheelers or 3 wheelers or 2 wheelers Claims,Monthly,12/31/2012,12/27/2028
98765_11,HSB_Auto_98765,98765,Related to 4 wheelers or 3 wheelers or 2 wheelers Claims,Monthly,12/31/2012,12/27/2028
13579_56,HSB_Lifeclaim_13579,13579,Related to Life or Personal Claim,Quarterly,12/31/2009,12/27/2032
13579_56,HSB_Lifeclaim_13579,13579,Related to Life or Personal Claim,Quarterly,12/31/2009,12/27/2032
02468_16,HSB_Jewel_02468,2468,"Related to Ornaments, Property Claim",Half Yearly,3/31/2009,12/27/2036
02468_16,HSB_Jewel_02468,2468,"Related to Ornaments, Property Claim",Half Yearly,3/31/2009,12/27/2036
98765_68,HSB_Auto_98765,98765,Related to 4 wheelers or 3 wheelers or 2 wheelers Claims,Monthly,06-01-2008,12/27/2027
98765_68,HSB_Auto_98765,98765,Related to 4 wheelers or 3 wheelers or 2 wheelers Claims,Monthly,06-01-2008,12/27/2027
13579_15,HSB_Lifeclaim_13579,13579,Related to Life or Personal Claim,Quarterly,04-01-2008,12/27/2031
13579_15,HSB_Lifeclaim_13579,13579,Related to Life or Personal Claim,Quarterly,04-01-2008,12/27/2031
13579_109,HSB_Lifeclaim_13579,13579,Related to Life or Personal Claim,Quarterly,12/31/2009,12/27/2030
02468_21,HSB_Jewel_02468,2468,"Related to Ornaments, Property Claim",Half Yearly,12/30/2011,12/27/2033
02468_21,HSB_Jewel_02468,2468,"Related to Ornaments, Property Claim",Half Yearly,12/30/2011,12/27/2033
13579_102,HSB_Lifeclaim_13579,13579,Related to Life or Personal Claim,Quarterly,01-01-2008,12/27/2030
13579_3,HSB_Lifeclaim_13579,13579,Related to Life or Personal Claim,Quarterly,01-01-2009,12/28/2031
19181_1354,HSB_Termclaim_23579,19181,Coverage for a certain period of time,Quarterly,12/31/2007,12/27/2036
19182_697,HSB_WholeLife_22468,19182,Remain in force for the insured's entire lifetime,Half Yearly,6/30/2011,01-01-2112
19184_188,HSB_Moneyback_19184,19184,The insured person gets a percentage of sum assured at regular intervals,Quarterly,12/31/2010,12/27/2036
19186_597,HSB_UnitLinked_19186,19186,Market-linked product that aggregates the very best of investment and insurance,Quarterly,12/30/2008,12/27/2037
19187_2108,HSB_AnnuityPlan_19187,19187,Income stream for retirees,Quarterly,12/31/2009,12/27/2037
02468_101,HSB_Jewel_02468,2468,"Related to Ornaments, Property Claim",Half Yearly,10-01-2009,12/29/2029
02468_101,HSB_Jewel_02468,2468,"Related to Ornaments, Property Claim",Half Yearly,10-01-2009,12/29/2029
98765_83,HSB_Auto_98765,98765,Related to 4 wheelers or 3 wheelers or 2 wheelers Claims,Monthly,03-02-2009,12/27/2029
98765_83,HSB_Auto_98765,98765,Related to 4 wheelers or 3 wheelers or 2 wheelers Claims,Monthly,03-02-2009,12/27/2029
13579_14,HSB_Lifeclaim_13579,13579,Related to Life or Personal Claim,Quarterly,12/30/2008,12/27/2031
13579_84,HSB_Lifeclaim_13579,13579,Related to Life or Personal Claim,Quarterly,12/31/2007,12/27/2030
13579_84,HSB_Lifeclaim_13579,13579,Related to Life or Personal Claim,Quarterly,12/31/2007,12/27/2030
19185_3106,HSB_ChildPlan_19185,19185,Insurance cum investment plan to secure child's future,Quarterly,12/31/2007,12/27/2035
98765_70,HSB_Auto_98765,98765,Related to 4 wheelers or 3 wheelers or 2 wheelers Claims,Monthly,01-04-2008,12/28/2029
98765_70,HSB_Auto_98765,98765,Related to 4 wheelers or 3 wheelers or 2 wheelers Claims,Monthly,01-04-2008,12/28/2029
98765_2250,HSB_Auto_98765,98765,Related to 4 wheelers or 3 wheelers or 2 wheelers Claims,Monthly,03-03-2015,12/27/2034
13579_2211,HSB_Lifeclaim_13579,13579,Related to Life or Personal Claim,Quarterly,12/31/2006,12/28/2030
13579_1882,HSB_Lifeclaim_13579,13579,Related to Life or Personal Claim,Quarterly,12/31/2005,12/31/2030
13579_2089,HSB_Lifeclaim_13579,13579,Related to Life or Personal Claim,Quarterly,04-03-2010,12/27/2030
13579_2613,HSB_Lifeclaim_13579,13579,Related to Life or Personal Claim,Quarterly,11-01-2011,12/30/2030
13579_2776,HSB_Lifeclaim_13579,13579,Related to Life or Personal Claim,Quarterly,04-05-2012,12/27/2029
13579_1200,HSB_Lifeclaim_13579,13579,Related to Life or Personal Claim,Quarterly,3/30/2009,12/28/2030
13579_3269,HSB_Lifeclaim_13579,13579,Related to Life or Personal Claim,Quarterly,12/31/2006,12/28/2029
02468_1027,HSB_Jewel_02468,2468,"Related to Ornaments, Property Claim",Half Yearly,10-01-2008,12/27/2029
98765_2747,HSB_Auto_98765,98765,Related to 4 wheelers or 3 wheelers or 2 wheelers Claims,Monthly,06-02-2007,12/27/2029
98765_263,HSB_Auto_98765,98765,Related to 4 wheelers or 3 wheelers or 2 wheelers Claims,Monthly,03-02-2008,12/28/2030
13579_1728,HSB_Lifeclaim_13579,13579,Related to Life or Personal Claim,Quarterly,01-01-2007,12/29/2029
13579_1364,HSB_Lifeclaim_13579,13579,Related to Life or Personal Claim,Quarterly,12/31/2006,12/27/2029
13579_468,HSB_Lifeclaim_13579,13579,Related to Life or Personal Claim,Quarterly,12/31/2006,12/28/2029
13579_3366,HSB_Lifeclaim_13579,13579,Related to Life or Personal Claim,Quarterly,01-02-2007,12/27/2029
02468_1282,HSB_Jewel_02468,2468,"Related to Ornaments, Property Claim",Half Yearly,10-02-2009,12/27/2029
02468_3385,HSB_Jewel_02468,2468,"Related to Ornaments, Property Claim",Half Yearly,10-02-2012,12/27/2029
98765_397,HSB_Auto_98765,98765,Related to 4 wheelers or 3 wheelers or 2 wheelers Claims,Monthly,03-02-2007,12/30/2029
02468_1606,HSB_Jewel_02468,2468,"Related to Ornaments, Property Claim",Half Yearly,01-02-2012,12/27/2030
98765_947,HSB_Auto_98765,98765,Related to 4 wheelers or 3 wheelers or 2 wheelers Claims,Monthly,03-03-2007,12/28/2030
98765_1151,HSB_Auto_98765,98765,Related to 4 wheelers or 3 wheelers or 2 wheelers Claims,Monthly,03-03-2007,12/27/2031
13579_578,HSB_Lifeclaim_13579,13579,Related to Life or Personal Claim,Quarterly,12/31/2010,12/27/2030
98765_329,HSB_Auto_98765,98765,Related to 4 wheelers or 3 wheelers or 2 wheelers Claims,Monthly,03-02-2012,12/27/2032
13579_2512,HSB_Lifeclaim_13579,13579,Related to Life or Personal Claim,Quarterly,04-01-2007,12/27/2029
13579_2189,HSB_Lifeclaim_13579,13579,Related to Life or Personal Claim,Quarterly,04-01-2008,12/27/2028
13579_1047,HSB_Lifeclaim_13579,13579,Related to Life or Personal Claim,Quarterly,12/31/2005,12/27/2032
13579_898,HSB_Lifeclaim_13579,13579,Related to Life or Personal Claim,Quarterly,3/30/2009,12/27/2032
02468_622,HSB_Jewel_02468,2468,"Related to Ornaments, Property Claim",Half Yearly,10-01-2009,12/27/2031
13579_3138,HSB_Lifeclaim_13579,13579,Related to Life or Personal Claim,Quarterly,10/31/2005,12/27/2031
98765_2363,HSB_Auto_98765,98765,Related to 4 wheelers or 3 wheelers or 2 wheelers Claims,Monthly,12/31/2005,12/27/2032
98765_1679,HSB_Auto_98765,98765,Related to 4 wheelers or 3 wheelers or 2 wheelers Claims,Monthly,03-02-2009,12/27/2031
13579_2660,HSB_Lifeclaim_13579,13579,Related to Life or Personal Claim,Quarterly,04-01-2008,12/27/2028
13579_1191,HSB_Lifeclaim_13579,13579,Related to Life or Personal Claim,Quarterly,12/31/2007,12/27/2032
13579_1998,HSB_Lifeclaim_13579,13579,Related to Life or Personal Claim,Quarterly,12/30/2008,12/27/2035
13579_854,HSB_Lifeclaim_13579,13579,Related to Life or Personal Claim,Quarterly,04-01-2008,12/27/2031
13579_1494,HSB_Lifeclaim_13579,13579,Related to Life or Personal Claim,Quarterly,04-01-2008,12/27/2029
13579_1226,HSB_Lifeclaim_13579,13579,Related to Life or Personal Claim,Quarterly,04-01-2010,12/27/2031
13579_1439,HSB_Lifeclaim_13579,13579,Related to Life or Personal Claim,Quarterly,10/31/2010,12/27/2033
13579_1086,HSB_Lifeclaim_13579,13579,Related to Life or Personal Claim,Quarterly,10/31/2012,12/27/2027
02468_1708,HSB_Jewel_02468,2468,"Related to Ornaments, Property Claim",Half Yearly,7/31/2009,12/27/2032
02468_727,HSB_Jewel_02468,2468,"Related to Ornaments, Property Claim",Half Yearly,10-01-2014,12/27/2026
13579_2693,HSB_Lifeclaim_13579,13579,Related to Life or Personal Claim,Quarterly,12/30/2012,12/27/2026
13579_995,HSB_Lifeclaim_13579,13579,Related to Life or Personal Claim,Quarterly,12/31/2013,12/27/2037
98765_1590,HSB_Auto_98765,98765,Related to 4 wheelers or 3 wheelers or 2 wheelers Claims,Monthly,03-02-2004,12/27/2031
13579_2338,HSB_Lifeclaim_13579,13579,Related to Life or Personal Claim,Quarterly,12/30/2012,12/27/2033
02468_3077,HSB_Jewel_02468,2468,"Related to Ornaments, Property Claim",Half Yearly,10-01-2009,12/27/2026
02468_659,HSB_Jewel_02468,2468,"Related to Ornaments, Property Claim",Half Yearly,01-01-2009,12/27/2029
13579_3096,HSB_Lifeclaim_13579,13579,Related to Life or Personal Claim,Quarterly,10/31/2013,12/27/2035
02468_2534,HSB_Jewel_02468,2468,"Related to Ornaments, Property Claim",Half Yearly,7/31/2012,12/27/2037
98765_1625,HSB_Auto_98765,98765,Related to 4 wheelers or 3 wheelers or 2 wheelers Claims,Monthly,06-01-2011,12/27/2030
13579_487,HSB_Lifeclaim_13579,13579,Related to Life or Personal Claim,Quarterly,12/30/2008,12/27/2031
13579_3249,HSB_Lifeclaim_13579,13579,Related to Life or Personal Claim,Quarterly,12/31/2011,12/27/2026
13579_283,HSB_Lifeclaim_13579,13579,Related to Life or Personal Claim,Quarterly,10/31/2011,12/27/2032
98765_738,HSB_Auto_98765,98765,Related to 4 wheelers or 3 wheelers or 2 wheelers Claims,Monthly,12/31/2014,12/27/2028
13579_1906,HSB_Lifeclaim_13579,13579,Related to Life or Personal Claim,Quarterly,10/31/2004,12/27/2033
02468_184,HSB_Jewel_02468,2468,"Related to Ornaments, Property Claim",Half Yearly,9/30/2015,12/27/2030
13579_1008,HSB_Lifeclaim_13579,13579,Related to Life or Personal Claim,Quarterly,12/31/2009,12/27/2037
13579_2908,HSB_Lifeclaim_13579,13579,Related to Life or Personal Claim,Quarterly,04-01-2007,12/27/2036
13579_344,HSB_Lifeclaim_13579,13579,Related to Life or Personal Claim,Quarterly,12/31/2010,12/27/2033
98765_2571,HSB_Auto_98765,98765,Related to 4 wheelers or 3 wheelers or 2 wheelers Claims,Monthly,12/31/2006,12/27/2035
13579_925,HSB_Lifeclaim_13579,13579,Related to Life or Personal Claim,Quarterly,10/31/2008,12/27/2034
02468_370,HSB_Jewel_02468,2468,"Related to Ornaments, Property Claim",Half Yearly,10-01-2012,12/27/2032
02468_2877,HSB_Jewel_02468,2468,"Related to Ornaments, Property Claim",Half Yearly,10-01-2013,12/27/2033
13579_2935,HSB_Lifeclaim_13579,13579,Related to Life or Personal Claim,Quarterly,10/31/2011,12/27/2031
13579_3011,HSB_Lifeclaim_13579,13579,Related to Life or Personal Claim,Quarterly,12/31/2005,12/27/2033
13579_2952,HSB_Lifeclaim_13579,13579,Related to Life or Personal Claim,Quarterly,12/31/2006,12/27/2037
13579_3310,HSB_Lifeclaim_13579,13579,Related to Life or Personal Claim,Quarterly,12/31/2011,12/27/2036
02468_1821,HSB_Jewel_02468,2468,"Related to Ornaments, Property Claim",Half Yearly,10-01-2012,12/27/2029
13579_585,HSB_Lifeclaim_13579,13579,Related to Life or Personal Claim,Quarterly,12/30/2004,12/27/2035
98765_667,HSB_Auto_98765,98765,Related to 4 wheelers or 3 wheelers or 2 wheelers Claims,Monthly,12/31/2011,12/27/2034
02468_321,HSB_Jewel_02468,2468,"Related to Ornaments, Property Claim",Half Yearly,7/31/2009,12/28/2031
02468_724,HSB_Jewel_02468,2468,"Related to Ornaments, Property Claim",Half Yearly,01-01-2009,12/29/2029
98765_1217,HSB_Auto_98765,98765,Related to 4 wheelers or 3 wheelers or 2 wheelers Claims,Monthly,06-01-2007,12/30/2029
98765_783,HSB_Auto_98765,98765,Related to 4 wheelers or 3 wheelers or 2 wheelers Claims,Monthly,01-01-2007,12/30/2029
13579_171,HSB_Lifeclaim_13579,13579,Related to Life or Personal Claim,Quarterly,12/31/2007,12/30/2030
13579_2216,HSB_Lifeclaim_13579,13579,Related to Life or Personal Claim,Quarterly,12/31/2005,12/27/2029
02468_2867,HSB_Jewel_02468,2468,"Related to Ornaments, Property Claim",Half Yearly,10-03-2009,12/27/2030
13579_737,HSB_Lifeclaim_13579,13579,Related to Life or Personal Claim,Quarterly,04-01-2007,12/28/2029
98765_946,HSB_Auto_98765,98765,Related to 4 wheelers or 3 wheelers or 2 wheelers Claims,Monthly,06-05-2007,01-01-2030
13579_657,HSB_Lifeclaim_13579,13579,Related to Life or Personal Claim,Quarterly,12/31/2006,12/31/2029
02468_472,HSB_Jewel_02468,2468,"Related to Ornaments, Property Claim",Half Yearly,10-01-2008,12/28/2029
98765_3266,HSB_Auto_98765,98765,Related to 4 wheelers or 3 wheelers or 2 wheelers Claims,Monthly,06-01-2008,12/27/2029
13579_1199,HSB_Lifeclaim_13579,13579,Related to Life or Personal Claim,Quarterly,10/31/2007,12/27/2032
98765_3309,HSB_Auto_98765,98765,Related to 4 wheelers or 3 wheelers or 2 wheelers Claims,Monthly,03-03-2007,12/27/2032
13579_1026,HSB_Lifeclaim_13579,13579,Related to Life or Personal Claim,Quarterly,10/31/2008,12/27/2030
98765_2903,HSB_Auto_98765,98765,Related to 4 wheelers or 3 wheelers or 2 wheelers Claims,Monthly,12/31/2008,12/27/2029
13579_894,HSB_Lifeclaim_13579,13579,Related to Life or Personal Claim,Quarterly,12/31/2006,12/27/2030
02468_1620,HSB_Jewel_02468,2468,"Related to Ornaments, Property Claim",Half Yearly,7/31/2011,12/27/2029
13579_1860,HSB_Lifeclaim_13579,13579,Related to Life or Personal Claim,Quarterly,12/31/2007,12/27/2031
02468_2604,HSB_Jewel_02468,2468,"Related to Ornaments, Property Claim",Half Yearly,7/31/2011,12/27/2032
98765_1891,HSB_Auto_98765,98765,Related to 4 wheelers or 3 wheelers or 2 wheelers Claims,Monthly,06-01-2007,12/27/2031
02468_2522,HSB_Jewel_02468,2468,"Related to Ornaments, Property Claim",Half Yearly,01-01-2013,12/27/2029
13579_621,HSB_Lifeclaim_13579,13579,Related to Life or Personal Claim,Quarterly,12/31/2007,12/27/2032
13579_256,HSB_Lifeclaim_13579,13579,Related to Life or Personal Claim,Quarterly,12/30/2008,12/27/2029
13579_3374,HSB_Lifeclaim_13579,13579,Related to Life or Personal Claim,Quarterly,12/31/2007,12/27/2032
13579_1438,HSB_Lifeclaim_13579,13579,Related to Life or Personal Claim,Quarterly,10/31/2007,12/27/2029
02468_1036,HSB_Jewel_02468,2468,"Related to Ornaments, Property Claim",Half Yearly,10-01-2008,12/27/2030
02468_1170,HSB_Jewel_02468,2468,"Related to Ornaments, Property Claim",Half Yearly,10-01-2010,12/27/2030
13579_2980,HSB_Lifeclaim_13579,13579,Related to Life or Personal Claim,Quarterly,12/31/2006,12/27/2031
02468_2650,HSB_Jewel_02468,2468,"Related to Ornaments, Property Claim",Half Yearly,10-01-2010,12/27/2031
98765_2303,HSB_Auto_98765,98765,Related to 4 wheelers or 3 wheelers or 2 wheelers Claims,Monthly,12/31/2006,12/27/2031
13579_1699,HSB_Lifeclaim_13579,13579,Related to Life or Personal Claim,Quarterly,12/31/2010,12/27/2028
02468_1808,HSB_Jewel_02468,2468,"Related to Ornaments, Property Claim",Half Yearly,10-01-2010,12/27/2029
13579_1727,HSB_Lifeclaim_13579,13579,Related to Life or Personal Claim,Quarterly,12/30/2008,12/27/2028
13579_2178,HSB_Lifeclaim_13579,13579,Related to Life or Personal Claim,Quarterly,12/31/2006,12/27/2036
13579_2947,HSB_Lifeclaim_13579,13579,Related to Life or Personal Claim,Quarterly,12/30/2008,12/27/2035
98765_2561,HSB_Auto_98765,98765,Related to 4 wheelers or 3 wheelers or 2 wheelers Claims,Monthly,03-03-2015,12/27/2027
13579_2198,HSB_Lifeclaim_13579,13579,Related to Life or Personal Claim,Quarterly,12/31/2014,12/27/2029
02468_1246,HSB_Jewel_02468,2468,"Related to Ornaments, Property Claim",Half Yearly,9/30/2011,12/27/2028
13579_2460,HSB_Lifeclaim_13579,13579,Related to Life or Personal Claim,Quarterly,12/31/2006,12/27/2033
98765_1000,HSB_Auto_98765,98765,Related to 4 wheelers or 3 wheelers or 2 wheelers Claims,Monthly,06-01-2010,12/27/2030
98765_343,HSB_Auto_98765,98765,Related to 4 wheelers or 3 wheelers or 2 wheelers Claims,Monthly,12/31/2010,12/27/2031
98765_467,HSB_Auto_98765,98765,Related to 4 wheelers or 3 wheelers or 2 wheelers Claims,Monthly,03-02-2013,12/27/2035
13579_2689,HSB_Lifeclaim_13579,13579,Related to Life or Personal Claim,Quarterly,12/31/2009,12/27/2035
13579_911,HSB_Lifeclaim_13579,13579,Related to Life or Personal Claim,Quarterly,12/31/2013,12/27/2028
13579_2081,HSB_Lifeclaim_13579,13579,Related to Life or Personal Claim,Quarterly,12/31/2009,12/27/2029
13579_3095,HSB_Lifeclaim_13579,13579,Related to Life or Personal Claim,Quarterly,12/30/2008,12/27/2028
98765_994,HSB_Auto_98765,98765,Related to 4 wheelers or 3 wheelers or 2 wheelers Claims,Monthly,03-03-2010,12/27/2030
13579_1129,HSB_Lifeclaim_13579,13579,Related to Life or Personal Claim,Quarterly,10/31/2012,12/27/2036
02468_2353,HSB_Jewel_02468,2468,"Related to Ornaments, Property Claim",Half Yearly,1/31/2008,12/27/2036
13579_366,HSB_Lifeclaim_13579,13579,Related to Life or Personal Claim,Quarterly,04-01-2007,12/27/2037
02468_1473,HSB_Jewel_02468,2468,"Related to Ornaments, Property Claim",Half Yearly,10-01-2010,12/27/2027
98765_3342,HSB_Auto_98765,98765,Related to 4 wheelers or 3 wheelers or 2 wheelers Claims,Monthly,5/30/2009,12/27/2028
98765_3076,HSB_Auto_98765,98765,Related to 4 wheelers or 3 wheelers or 2 wheelers Claims,Monthly,03-02-2012,12/27/2036
13579_2932,HSB_Lifeclaim_13579,13579,Related to Life or Personal Claim,Quarterly,12/31/2005,12/27/2032
02468_1972,HSB_Jewel_02468,2468,"Related to Ornaments, Property Claim",Half Yearly,07-01-2010,12/27/2036
13579_1580,HSB_Lifeclaim_13579,13579,Related to Life or Personal Claim,Quarterly,12/31/2009,12/27/2028
13579_1649,HSB_Lifeclaim_13579,13579,Related to Life or Personal Claim,Quarterly,10/31/2007,12/27/2028
02468_421,HSB_Jewel_02468,2468,"Related to Ornaments, Property Claim",Half Yearly,9/30/2011,12/27/2028
13579_393,HSB_Lifeclaim_13579,13579,Related to Life or Personal Claim,Quarterly,04-01-2012,12/27/2030
02468_2738,HSB_Jewel_02468,2468,"Related to Ornaments, Property Claim",Half Yearly,10-01-2005,12/27/2037
13579_2509,HSB_Lifeclaim_13579,13579,Related to Life or Personal Claim,Quarterly,3/30/2013,12/27/2025
13579_1085,HSB_Lifeclaim_13579,13579,Related to Life or Personal Claim,Quarterly,10/31/2012,12/27/2033
13579_584,HSB_Lifeclaim_13579,13579,Related to Life or Personal Claim,Quarterly,3/30/2013,12/27/2029
13579_491,HSB_Lifeclaim_13579,13579,Related to Life or Personal Claim,Quarterly,10/31/2003,12/27/2027
13579_2765,HSB_Lifeclaim_13579,13579,Related to Life or Personal Claim,Quarterly,10/31/2011,12/27/2029
02468_282,HSB_Jewel_02468,2468,"Related to Ornaments, Property Claim",Half Yearly,10-01-2013,12/27/2031
98765_1352,HSB_Auto_98765,98765,Related to 4 wheelers or 3 wheelers or 2 wheelers Claims,Monthly,12/31/2009,12/27/2025
13579_3246,HSB_Lifeclaim_13579,13579,Related to Life or Personal Claim,Quarterly,10/31/2002,12/27/2034
